Product Name,Division,Sales,Gross Profit,Gross Margin %,Cost %,Margin Volatility,Risk Score,Management Category,Recommendation
Wonka Bar - Fudge Mallows,Chocolate,24890.4,16593.6,66.66666666666666,33.33333333333333,1.1087159600798116e-14,1,Stable,Maintain and monitor performance
Wonka Bar - Milk Chocolate,Chocolate,26867.75,17443.37,64.92307692307692,35.07692307692307,9.82771659335135e-15,1,Stable,Maintain and monitor performance
Wonka Bar - Nutty Crunch Surprise,Chocolate,23574.95,16819.95,71.34670487106017,28.653295128939828,0.0,1,Stable,Maintain and monitor performance
Wonka Bar -Scrumdiddlyumptious,Chocolate,27874.8,19357.5,69.44444444444444,30.555555555555554,7.258249730387678e-15,1,Stable,Maintain and monitor performance
Wonka Bar - Triple Dazzle Caramel,Chocolate,28485.0,18610.2,65.33333333333333,34.666666666666664,2.963168044190564e-15,1,Stable,Maintain and monitor performance
Fizzy Lifting Drinks,Sugar,78.75,47.25,60.0,40.0,0.0,3,Priority Review,Review pricing and cost structure
Wonka Gum,Other,597.5,310.7,52.0,48.00000000000001,2.095276217842427e-15,4,Priority Review,Review pricing and cost structure
Kazookles,Other,1205.75,92.75,7.6923076923076925,92.3076923076923,0.0,4,Priority Review,Review pricing and cost structure
Lickable Wallpaper,Other,7860.0,3930.0,50.0,50.0,0.0,4,Priority Review,Review pricing and cost structure
Everlasting Gobstopper,Sugar,130.0,104.0,80.0,20.0,0.0,1,Stable,Maintain and monitor performance
Fun Dip,Sugar,12.0,4.8,40.0,60.0,0.0,3,Priority Review,Review pricing and cost structure
Hair Toffee,Sugar,76.5,59.5,77.77777777777779,22.22222222222222,0.0,1,Stable,Maintain and monitor performance
Laffy Taffy,Sugar,53.73,33.480000000000004,62.31155778894474,37.68844221105528,0.0,2,Monitor,Monitor margin and cost performance
Nerds,Sugar,15.0,7.0,46.666666666666664,53.333333333333336,0.0,3,Priority Review,Review pricing and cost structure
SweeTARTS,Sugar,61.5,28.7,46.666666666666664,53.333333333333336,0.0,3,Priority Review,Review pricing and cost structure
