Product ID,Product Name,Division,Sales,Units,Cost,Gross Profit,Gross Margin %,Profit per Unit,Revenue Contribution %,Profit Contribution %,Cost %,Profitability Segment,Margin Risk Flag,Margin Volatility,Risk Score,Management Category
CHO-FUD-51000,Wonka Bar - Fudge Mallows,Chocolate,24890.4,6914,8296.8,16593.6,66.66666666666666,2.4,17.555200131355083,17.758029511101977,33.33333333333333,High Sales - High Margin,Low Margin Risk,1.1087159600798116e-14,1,Stable
CHO-MIL-31000,Wonka Bar - Milk Chocolate,Chocolate,26867.75,8267,9424.38,17443.37,64.92307692307692,2.11,18.949825166699426,18.667430770482046,35.07692307692307,High Sales - High Margin,Low Margin Risk,9.82771659335135e-15,1,Stable
CHO-NUT-13000,Wonka Bar - Nutty Crunch Surprise,Chocolate,23574.95,6755,6755.0,16819.95,71.34670487106017,2.49,16.627413192905273,18.00026326265908,28.653295128939828,High Sales - High Margin,Low Margin Risk,0.0,1,Stable
CHO-SCR-58000,Wonka Bar -Scrumdiddlyumptious,Chocolate,27874.8,7743,8517.3,19357.5,69.44444444444444,2.5,19.66009757261822,20.715881801487114,30.555555555555554,High Sales - High Margin,Low Margin Risk,7.258249730387678e-15,1,Stable
CHO-TRI-54000,Wonka Bar - Triple Dazzle Caramel,Chocolate,28485.0,7596,9874.8,18610.2,65.33333333333333,2.45,20.09047165741207,19.916141211521914,34.666666666666664,High Sales - High Margin,Low Margin Risk,2.963168044190564e-15,1,Stable
OTH-FIZ-56000,Fizzy Lifting Drinks,Sugar,78.75,21,31.5,47.25,60.0,2.25,0.05554237819979641,0.05056569366500148,40.0,Low Sales - Low Margin,Moderate Margin Risk,0.0,3,Priority Review
OTH-GUM-21000,Wonka Gum,Other,597.5,478,286.8,310.7,52.0,0.65,0.4214167742778203,0.33250287876647533,48.00000000000001,High Sales - Low Margin,High Margin Risk,2.095276217842427e-15,4,Priority Review
OTH-KAZ-38000,Kazookles,Other,1205.75,371,1113.0,92.75,7.6923076923076925,0.25,0.8504155239924384,0.09925858386092881,92.3076923076923,High Sales - Low Margin,High Margin Risk,0.0,4,Priority Review
OTH-LIC-15000,Lickable Wallpaper,Other,7860.0,393,3930.0,3930.0,50.0,10.0,5.543658319370156,4.205781504835043,50.0,High Sales - Low Margin,High Margin Risk,0.0,4,Priority Review
SUG-EVE-47000,Everlasting Gobstopper,Sugar,130.0,13,26.0,104.0,80.0,8.0,0.09168900528220358,0.11129803473354821,20.0,Low Sales - High Margin,Low Margin Risk,0.0,1,Stable
SUG-FUN-75000,Fun Dip,Sugar,12.0,8,7.2,4.8,40.0,0.6,0.008463600487588024,0.00513683237231761,60.0,Low Sales - Low Margin,Moderate Margin Risk,0.0,3,Priority Review
SUG-HAI-55000,Hair Toffee,Sugar,76.5,17,17.0,59.5,77.77777777777779,3.5,0.05395545310837365,0.06367531794852037,22.22222222222222,Low Sales - High Margin,Low Margin Risk,0.0,1,Stable
SUG-LAF-25000,Laffy Taffy,Sugar,53.73,27,20.25,33.480000000000004,62.31155778894474,1.2400000000000002,0.03789577118317537,0.035829405796915334,37.68844221105528,Low Sales - High Margin,Moderate Margin Risk,0.0,2,Monitor
SUG-NER-92000,Nerds,Sugar,15.0,10,8.0,7.0,46.666666666666664,0.7,0.010579500609485029,0.007491213876296515,53.333333333333336,Low Sales - Low Margin,Moderate Margin Risk,0.0,3,Priority Review
SUG-SWE-91000,SweeTARTS,Sugar,61.5,41,32.8,28.7,46.666666666666664,0.7,0.04337595249888862,0.03071397689281571,53.333333333333336,Low Sales - Low Margin,Moderate Margin Risk,0.0,3,Priority Review
